ID,Reaction,Name,Subsystem,Assigned_Subsystem,Assigned_Top_Category,Match_Score,Match_Keywords
3HBCD,b2coa_c + h2o_c <=> 3hbcoa__R_c,R_3_hydroxybutyryl_CoA_dehydratase,Unassigned,S_Butanoate_Metabolism,Alternative Carbon Metabolism,1,butyr
AHC,ahcys_c + h2o_c <=> adn_c + hcys__L_c,R_adenosylhomocysteinase,Unassigned,S_Glycolysis,Central Carbon Metabolism,1,eno
AKGDbr,coa_c + sdhlam_c <=> dhlam_c + succoa_c,R_oxoglutarate_dehydrogenase__dihydrolipoamide_S_succinyltransferase__reversible,Unassigned,S_TCA_Cycle,Central Carbon Metabolism,3,sdh;oxoglutar;sucC
ALDD3y,h2o_c + nadp_c + ppal_c --> 2.0 h_c + nadph_c + ppa_c,R_aldehyde_dehydrogenase__propanal__NADP_,Unassigned,S_Cofactor_and_Prosthetic_Group_Biosynthesis__Nicotinamide_Biosynthesis,Cofactor and Vitamin Biosynthesis,1,nadp
BiomassKT2440_Core2,0.000223 10fthf_c + 0.000223 2fe2s_c + 0.000223 4fe4s_c + 0.000223 5mthf_c + 0.000279 accoa_c + 0.598267 ala__L_c + 0.000223 amet_c + 0.354251 arg__L_c + 0.158931 asn__L_c + 0.284685 asp__L_c + 46.918883 atp_c + 0.000223 btamp_c + 0.004226 ca2_c + 0.000223 chor_c + 0.004226 cl_c + 0.000167 coa_c + 0.002817 cobalt2_c + 0.159783 ctp_c + 0.002817 cu2_c + 0.055652 cys__L_c + 0.010804 datp_c + 0.01721 dctp_c + 0.017423 dgtp_c + 0.010854 dttp_c + 0.000223 fad_c + 0.00634 fe2_c + 0.00634 fe3_c + 0.251507 gln__L_c + 0.301809 glu__L_c + 0.431309 gly_c + 0.210704 gtp_c + 41.397362 h2o_c + 0.000223 hemeO_c + 0.126289 his__L_c + 0.244551 ile__L_c + 0.158509 k_c + 0.628769 leu__L_c + 3e-06 lipopb_c + 0.180336 lys__L_c + 3.1e-05 malcoa_c + 0.122008 met__L_c + 0.007044 mg2_c + 0.000223 mlthf_c + 0.002817 mobd_c + 0.012699 murein5px4p_p + 0.003522 na1_c + 0.001786 nad_c + 4.4e-05 nadh_c + 0.000111 nadp_c + 0.000335 nadph_c + 0.010567 nh4_c + 0.002817 ni2_c + 0.00858 pe160_c + 0.042623 pe161_c + 0.002855 pe180_c + 0.019426 pe181_c + 0.004743 pg160_c + 0.023561 pg161_c + 0.001578 pg180_c + 0.010738 pg181_c + 0.191038 phe__L_c + 0.000223 pheme_c + 0.011635 phethapphlipa_c + 0.26328 pro__L_c + 0.03327 ptrc_c + 0.000223 pydx5p_c + 0.000223 q8h2_c + 0.000223 ribflv_c + 0.301274 ser__L_c + 0.000223 sheme_c + 0.003522 so4_c + 9.8e-05 succoa_c + 0.000223 thf_c + 0.256324 thr__L_c + 0.077592 trp__L_c + 0.135921 tyr__L_c + 5.5e-05 udcpdp_c + 0.143215 utp_c + 0.389034 val__L_c + 0.002817 zn2_c --> 46.7502 adp_c + 46.7502 h_c + 46.746677 pi_c + 0.73868 ppi_c,R_Biomass_P_putida_KT2440__aa_DNA_RNA_ATP_murein_FA_ions_,Unassigned,S_Phenylalanine_Tyrosine_Tryptophan_Biosynthesis,Amino Acid Metabolism,3,trp;phe;tyr
BiomassKT2440_WT3,0.000223 10fthf_c + 0.000223 2fe2s_c + 0.000223 4fe4s_c + 0.000223 5mthf_c + 0.000279 accoa_c + 0.000223 adocbl_c + 0.598267 ala__L_c + 0.000223 amet_c + 0.354251 arg__L_c + 0.158931 asn__L_c + 0.284685 asp__L_c + 46.918883 atp_c + 0.000223 bmocogdp_c + 0.000223 btamp_c + 0.004226 ca2_c + 0.000223 chor_c + 0.004226 cl_c + 1.8e-05 clpn140_p + 0.000578 clpn160_p + 0.002873 clpn161_p + 0.000192 clpn180_p + 0.001309 clpn181_p + 0.000167 coa_c + 0.002817 cobalt2_c + 0.00041 cpe160_c + 0.000226 cpg160_c + 0.159783 ctp_c + 0.002817 cu2_c + 0.055652 cys__L_c + 0.010804 datp_c + 0.01721 dctp_c + 0.017423 dgtp_c + 0.010854 dttp_c + 0.000223 fad_c + 0.00634 fe2_c + 0.00634 fe3_c + 0.251507 gln__L_c + 0.301809 glu__L_c + 0.431309 gly_c + 0.000223 gthrd_c + 0.210704 gtp_c + 41.397362 h2o_c + 0.000223 hemeO_c + 0.126289 his__L_c + 0.244551 ile__L_c + 0.158509 k_c + 0.628769 leu__L_c + 0.000223 lipopb_c + 0.008696 lpspput_e + 0.180336 lys__L_c + 3.1e-05 malcoa_c + 0.122008 met__L_c + 0.007044 mg2_c + 0.000223 mlthf_c + 0.002817 mn2_c + 0.002817 mobd_c + 0.000223 mocogdp_c + 0.001979 murein3p3p_p + 0.000326 murein3px4p_p + 0.007917 murein4p4p_p + 0.002941 murein4px4p_p + 6.6e-05 murein4px4px4p_p + 0.003522 na1_c + 0.001786 nad_c + 4.4e-05 nadh_c + 0.000111 nadp_c + 0.000335 nadph_c + 0.010567 nh4_c + 0.002817 ni2_c + 0.000251 pe140_c + 0.007882 pe160_c + 0.039155 pe161_c + 0.002622 pe180_c + 0.017845 pe181_c + 0.000138 pg140_c + 0.004354 pg160_c + 0.021632 pg161_c + 0.001449 pg180_c + 0.009859 pg181_c + 0.191038 phe__L_c + 0.000223 pheme_c + 0.000223 pqqh2_c + 0.26328 pro__L_c + 0.03327 ptrc_c + 0.000223 pydx5p_c + 0.000223 pyovd_kt_e + 0.000223 q8h2_c + 0.000223 ribflv_c + 0.301274 ser__L_c + 0.000223 sheme_c + 0.003522 so4_c + 9.8e-05 succoa_c + 0.000223 thf_c + 0.000223 thmnp_c + 0.000223 thmpp_c + 0.256324 thr__L_c + 0.077592 trp__L_c + 0.135921 tyr__L_c + 5.5e-05 udcpdp_c + 0.143215 utp_c + 0.389034 val__L_c + 0.002817 zn2_c --> 46.7502 adp_c + 46.7502 h_c + 46.746677 pi_c + 0.73868 ppi_c,R_Biomass_P_putida_KT2440__aa_DNA_RNA_ATP_murein_FA_ions_soluble_,Unassigned,S_Phenylalanine_Tyrosine_Tryptophan_Biosynthesis,Amino Acid Metabolism,3,trp;phe;tyr
CMT2,amet_c + csn_c <=> 5mcsn_c + ahcys_c + h_c,R__cytosine_5___methyltransferase,Unassigned,S_Methionine_Metabolism,Amino Acid Metabolism,1,met
COBG,2.0 h_c + nadh_c + o2_c + pre3a_c --> h2o_c + nad_c + pre3b_c,R_Precorrin_3B_synthase__CobG_,Unassigned,Unclassified,Unclassified,0,
DAAD6,fad_c + h2o_c + phe__D_c --> fadh2_c + nh4_c + phpyr_c,R_D_Amino_acid_dehydrogenase__phe_D_,Unassigned,S_Phenylalanine_Tyrosine_Tryptophan_Biosynthesis,Amino Acid Metabolism,1,phe
DHAD1,23dhmb_c --> 3mob_c + h2o_c,R_dihydroxy_acid_dehydratase__2_3_dihydroxy_3_methylbutanoate_,Unassigned,S_Butanoate_Metabolism,Alternative Carbon Metabolism,1,butanoate
DHQD,3dhq_c <=> 3dhsk_c + h2o_c,R_3_dehydroquinate_dehydratase,Unassigned,Unclassified,Unclassified,0,
DM_C100aPHA,C100aPHA_c --> ,R_C100aPHA_demand,Unassigned,Extracellular exchange,Transport Systems,1,demand
DM_C100pPHA,C100pPHA_c --> ,R_C100pPHA_demand,Unassigned,Extracellular exchange,Transport Systems,1,demand
DM_C101PHA,C101PAH_c --> ,R_C101PHA_demand,Unassigned,Extracellular exchange,Transport Systems,1,demand
DM_C120aPHA,C120aPHA_c --> ,R_C120aPHA_demand,Unassigned,Extracellular exchange,Transport Systems,1,demand
DM_C121aPHA,C121aPHA_c --> ,R_C121aPHA_demand,Unassigned,Extracellular exchange,Transport Systems,1,demand
DM_C121d6PHA,C121d6PHA_c --> ,R_C121d6PHA_demand,Unassigned,Extracellular exchange,Transport Systems,1,demand
DM_C140aPHA,C140aPHA_c --> ,R_C140aPHA_demand,Unassigned,Extracellular exchange,Transport Systems,1,demand
DM_C141aPHA,C141aPHA_c --> ,R_C121d6PHA_demand,Unassigned,Extracellular exchange,Transport Systems,1,demand
DM_C141d5PHA,C141d5PHA_c --> ,R_C141d5PHA_demand,Unassigned,Extracellular exchange,Transport Systems,1,demand
DM_C142PHA,C142PHA_c --> ,R_C142PHA_demand,Unassigned,Extracellular exchange,Transport Systems,1,demand
DM_C40aPHA,C40aPHA_c --> ,R_C40aPHA_demand,Unassigned,Extracellular exchange,Transport Systems,1,demand
DM_C40atPHA,C40atPHA_c --> ,R_C40atPHA_demand,Unassigned,Extracellular exchange,Transport Systems,1,demand
DM_C40pPHA,C40pPHA_c --> ,R_C40pPHA_demand,Unassigned,Extracellular exchange,Transport Systems,1,demand
DM_C50aPHA,C50aPHA_c --> ,R_C50aPHA_demand,Unassigned,Extracellular exchange,Transport Systems,1,demand
DM_C50pPHA,C50pPHA_c --> ,R_C50pPHA_demand,Unassigned,Extracellular exchange,Transport Systems,1,demand
DM_C60aPHA,C60aPHA_c --> ,R_C60aPHA_demand,Unassigned,Extracellular exchange,Transport Systems,1,demand
DM_C60atPHA,C60atPHA_c --> ,R_C60atPHA_demand,Unassigned,Extracellular exchange,Transport Systems,1,demand
DM_C60pPHA,C60pPHA_c --> ,R_C60pPHA_demand,Unassigned,Extracellular exchange,Transport Systems,1,demand
DM_C70aPHA,C70aPHA_c --> ,R_C70aPHA_demand,Unassigned,Extracellular exchange,Transport Systems,1,demand
DM_C70pPHA,C70pPHA_c --> ,R_C70pPHA_demand,Unassigned,Extracellular exchange,Transport Systems,1,demand
DM_C80aPHA,C80aPHA_c --> ,R_C80aPHA_demand,Unassigned,Extracellular exchange,Transport Systems,1,demand
DM_C80pPHA,C80pPHA_c --> ,R_C80pPHA_demand,Unassigned,Extracellular exchange,Transport Systems,1,demand
DM_C90aPHA,C90aPHA_c --> ,R_C90aPHA_demand,Unassigned,Extracellular exchange,Transport Systems,1,demand
DM_C90pPHA,C90pPHA_c --> ,R_C90pPHA_demand,Unassigned,Extracellular exchange,Transport Systems,1,demand
DM__acmum6p,acmum6p_c --> ,R_DM__acmum6p_c_,Unassigned,Unclassified,Unclassified,0,
DM__ppi50,ppi50_c --> ,R_DM__ppi50,Unassigned,Unclassified,Unclassified,0,
DM_acgam,acgam_c --> ,R_DM__acgam,Unassigned,Unclassified,Unclassified,0,
DM_doxopa,doxopa_c --> ,R_DM_doxopa,Unassigned,Unclassified,Unclassified,0,
DM_tripeptide_c_,tripeptide_c --> ,R_tripeptide_demand,Unassigned,Extracellular exchange,Transport Systems,1,demand
ECOAE,3hbcoa_c <=> 3hbcoa__R_c,R_3_hydroxyacyl_CoA_dehydratase__3_hydroxybutanoyl_CoA_,Unassigned,S_Butanoate_Metabolism,Alternative Carbon Metabolism,1,butanoyl
HMR_0180,atp_c + coa_c + dca_c --> amp_c + dcacoa_c + ppi_c,R_fatty_acid__CoA_ligase__decanoate_,Unassigned,S_Purine_Metabolism,Nucleotide Metabolism,1,amp
FMNR2r,fmn_c + h_c + nadph_c <=> fmnh2_c + nadp_c,R_FMN_reductase,Unassigned,S_Cofactor_and_Prosthetic_Group_Biosynthesis__Nicotinamide_Biosynthesis,Cofactor and Vitamin Biosynthesis,1,nadp
FMNRx2,fmn_c + h_c + nadph_c --> fmnh2_c + nadp_c,R_FMN_reductase,Unassigned,S_Cofactor_and_Prosthetic_Group_Biosynthesis__Nicotinamide_Biosynthesis,Cofactor and Vitamin Biosynthesis,1,nadp
G5SD,glu5p_c + h_c + nadph_c --> glu5sa_c + nadp_c + pi_c,R_glutamate_5_semialdehyde_dehydrogenase,Unassigned,S_Glutamate_Metabolism,Amino Acid Metabolism,1,glutamate
GLCS3,4.0 adpglc_c --> 4.0 adp_c + glyg4n_c + 4.0 h_c,R_glycogen_synthase__ADPGlc___4_units_,Unassigned,Unclassified,Unclassified,0,
GLNS,atp_c + glu__L_c + nh4_c --> adp_c + gln__L_c + h_c + pi_c,R_glutamine_synthetase,Unassigned,S_Glutamate_Metabolism,Amino Acid Metabolism,1,glutamine
GLUCYS,atp_c + cys__L_c + glu__L_c --> adp_c + glucys_c + h_c + pi_c,R_gamma_glutamylcysteine_synthetase,Unassigned,S_Cysteine_Metabolism,Amino Acid Metabolism,2,cysteine;cys
GLUDx,glu__L_c + h2o_c + nad_c <=> akg_c + h_c + nadh_c + nh4_c,R_glutamate_dehydrogenase__NAD_,Unassigned,S_Glutamate_Metabolism,Amino Acid Metabolism,1,glutamate
GLYD,h_c + hpyr_c + nadh_c <=> glyc__R_c + nad_c,R_glycerate_dehydrogenase,Unassigned,Unclassified,Unclassified,0,
HACD9i,3hptcoa_c + nad_c --> 3optcoa_c + h_c + nadh_c,R_3_hydroxyacyl_CoA_dehydrogenase__3_oxovaleryl_CoA_,Unassigned,Unclassified,Unclassified,0,
HIUHY,5hiu_c + h2o_c <=> 5houdic_c,R_hydroxyisourate_hydrolase,Unassigned,Unclassified,Unclassified,0,
HOPNTAL3,4h2oxov_c --> acald_c + pyr_c,R_4_hydroxy_2_oxopentanoate_aldolase_m_xylene_,Unassigned,S_Glycolysis,Central Carbon Metabolism,1,aldolase
ILEDHr,h2o_c + ile__L_c + nad_c <=> 3mop_c + h_c + nadh_c + nh4_c,R_Valine_dehydrogenase,Unassigned,S_Valine__Leucine__and_Isoleucine_Metabolism,Amino Acid Metabolism,1,valine
KAT2,3ohcoa_c + coa_c --> accoa_c + btcoa_c,R_3_ketoacyl_CoA_thiolase,Unassigned,S_Fatty_Acid__Biosynthesis,Fatty Acid and Lipid Metabolism,1,acc
KAT3,3oocoa_c + coa_c --> accoa_c + hxcoa_c,R_3_ketoacyl_CoA_thiolase,Unassigned,S_Fatty_Acid__Biosynthesis,Fatty Acid and Lipid Metabolism,1,acc
KAT4,3odcoa_c + coa_c --> accoa_c + occoa_c,R_3_ketoacyl_CoA_thiolase,Unassigned,S_Fatty_Acid__Biosynthesis,Fatty Acid and Lipid Metabolism,1,acc
KAT5,3oddcoa_c + coa_c --> accoa_c + dcacoa_c,R_3_ketoacyl_CoA_thiolase,Unassigned,S_Fatty_Acid__Biosynthesis,Fatty Acid and Lipid Metabolism,1,acc
KAT6,3otdcoa_c + coa_c --> accoa_c + ddcacoa_c,R_3_ketoacyl_CoA_thiolase,Unassigned,S_Fatty_Acid__Biosynthesis,Fatty Acid and Lipid Metabolism,1,acc
KAT7,3ohdcoa_c + coa_c --> accoa_c + tdcoa_c,R_3_ketoacyl_CoA_thiolase,Unassigned,S_Fatty_Acid__Biosynthesis,Fatty Acid and Lipid Metabolism,1,acc
KAT9,3optcoa_c + coa_c --> accoa_c + ppcoa_c,R_acetyl_CoA_C_acyltransferase__3_oxovaleryl_CoA_,Unassigned,S_Fatty_Acid__Biosynthesis,Fatty Acid and Lipid Metabolism,1,acc
LEUDHr,h2o_c + leu__L_c + nad_c <=> 4mop_c + h_c + nadh_c + nh4_c,R_leucine_dehydrogenase,Unassigned,S_Valine__Leucine__and_Isoleucine_Metabolism,Amino Acid Metabolism,1,leucine
LPADSS2,lipidX_kt_c + u23dddcga_c --> h_c + lipidAds_kt_c + udp_c,R_Lipid_A_disaccaride_synthase,Unassigned,S_Fatty_Acid__Biosynthesis,Fatty Acid and Lipid Metabolism,1,acc
MAL1K,atp_c + malt_c --> adp_c + h_c + malt1p_c,R_maltokinase,Unassigned,Unclassified,Unclassified,0,
MECDPS,2p4c2me_c --> 2mecdp_c + cmp_c,R_2_C_methyl_D_erythritol_2_4_cyclodiphosphate_synthase,Unassigned,S_Glycine__Serine_and_threonine_metabolism,Amino Acid Metabolism,1,thr
NAt3_1pp,h_p + na1_c <=> h_c + na1_p,R_sodium_proton_antiporter__HNA_is_11___periplasm_,Unassigned,S_Transport__Inner_Membrane,Transport Systems,1,antiporter
OP4ENH3,chpd_c + h2o_c --> 4h2oxov_c,R_2_oxopent_4_enoate_hydratase_m_xylene_,Unassigned,S_Aromatic_Compounds_Degradation__Toluene_Pathway,Aromatic Compound Degradation,1,xylene
PPHNTA,Largn_c + akg_c <=> glu__L_c + h_c + pphn_c,R_prephenate_transaminase,Unassigned,S_Phenylalanine_Tyrosine_Tryptophan_Biosynthesis,Amino Acid Metabolism,1,phe
PPK2r,atp_c + ppi_c <=> adp_c + pppi_c,R_polyphosphate_kinase,Unassigned,S_Inorganic_polyphosphates_metabolism,Metal and Inorganic Metabolism,2,polyphosphate;ppk
PPKr,atp_c + pi_c <=> adp_c + ppi_c,R_polyphosphate_kinase,Unassigned,S_Inorganic_polyphosphates_metabolism,Metal and Inorganic Metabolism,2,polyphosphate;ppk
PRAIi,pran_c --> 2cpr5p_c,R_phosphoribosylanthranilate_isomerase__irreversible_,Unassigned,S_Glycine__Serine_and_threonine_metabolism,Amino Acid Metabolism,1,thr
PRAMPC,h2o_c + prbamp_c --> prfp_c,R_phosphoribosyl_AMP_cyclohydrolase,Unassigned,S_Purine_Metabolism,Nucleotide Metabolism,1,amp
PRASCSi,5aizc_c + asp__L_c + atp_c --> 25aics_c + adp_c + h_c + pi_c,R_phosphoribosylaminoimidazolesuccinocarboxamide_synthase,Unassigned,S_TCA_Cycle,Central Carbon Metabolism,1,sucC
PRMICI,prfp_c <=> prlp_c,R_1__5_phosphoribosyl__5__5_phosphoribosylamino_methylideneamino_imidazole_4_carboxamide_isomerase,Unassigned,S_Methionine_Metabolism,Amino Acid Metabolism,1,met
PSCVT,pep_c + skm5p_c <=> 3psme_c + pi_c,R_3_phosphoshikimate_1_carboxyvinyltransferase,Unassigned,S_Phenylalanine_Tyrosine_Tryptophan_Biosynthesis,Amino Acid Metabolism,1,shikimate
RDXRr,nadh_c + 2.0 rdxo_c <=> h_c + nad_c + 2.0 rdxr_c,R_Rubredoxin_oxidoreductase_reversible,Unassigned,Unclassified,Unclassified,0,
RHACOAE40,3hbcoa__R_c + h2o_c --> bhb_c + coa_c + h_c,R_R_hydroxy_acyl_CoA_thioesterase__C40_,Unassigned,S_Cofactor_and_Prosthetic_Group_Biosynthesis__Pantothenate_and_CoA_Biosynthesis,Cofactor and Vitamin Biosynthesis,1,coaE
SERAT,accoa_c + ser__L_c <=> acser_c + coa_c,R_serine_O_acetyltransferase,Unassigned,S_Glycine__Serine_and_threonine_metabolism,Amino Acid Metabolism,2,serine;serA
THRA2r,athr__L_c <=> acald_c + gly_c,R_L_allo_Threonine_Aldolase,Unassigned,S_Glycine__Serine_and_threonine_metabolism,Amino Acid Metabolism,2,threonine;thr
THRAr,thr__L_c <=> acald_c + gly_c,R_Threonine_Aldolase,Unassigned,S_Glycine__Serine_and_threonine_metabolism,Amino Acid Metabolism,2,threonine;thr
TRPS1,3ig3p_c + ser__L_c --> g3p_c + h2o_c + trp__L_c,R_tryptophan_synthase__indoleglycerol_phosphate_,Unassigned,S_Phenylalanine_Tyrosine_Tryptophan_Biosynthesis,Amino Acid Metabolism,2,tryptophan;trp
U23GAAT2,3hddecACP_c + u3dcga_c --> ACP_c + h_c + u23dddcga_c,R_UDP_3_O__3_hydroxymyristoyl_glucosamine_acyltransferase,Unassigned,S_Alternate_Carbon_and_Nitrogen_source__Amines_and_Polyamines_Metabolism,Nitrogen Metabolism,1,amine
UAGAAT2,3hdecACP_c + uacgam_c <=> ACP_c + u3dcaga_c,R_UDP_N_acetylglucosamine_acyltransferase__hydroxydecanoyl_,Unassigned,S_Alternate_Carbon_and_Nitrogen_source__Amines_and_Polyamines_Metabolism,Nitrogen Metabolism,1,amine
UDCPGT,udcpp_c + udpgal_c --> udcpg_c + ump_c,R_undecaprenol_phosphate_galactosephosphotransferase,Unassigned,S_Alternate_Carbon,Alternative Carbon Metabolism,1,galactose
UHGADA2,h2o_c + u3dcaga_c --> ac_c + u3dcga_c,R_UDP_3_O_acetylglucosamine_deacetylase__hydroxydecanoil_,Unassigned,S_Alternate_Carbon_and_Nitrogen_source__Amines_and_Polyamines_Metabolism,Nitrogen Metabolism,1,amine
VALTRS,atp_c + trnaval_c + val__L_c --> amp_c + ppi_c + valtrna_c,R_Valyl_tRNA_synthetase,Unassigned,S_Purine_Metabolism,Nucleotide Metabolism,1,amp
sink_PHAg,PHAg_c <=> ,R_PHA_preexistent,Unassigned,Extracellular exchange,Transport Systems,1,sink
sink_pqqA_kt_c_,pqqA_kt_c <-- ,R_sink_pqqA_kt,Unassigned,Extracellular exchange,Transport Systems,1,sink
CMS,2me4p_c + ctp_c --> 4c2me_c + ppi_c,2-C-methyl-D-erythritol 4-phosphate cytidylyltransferase,Unassigned,S_Glycine__Serine_and_threonine_metabolism,Amino Acid Metabolism,1,thr
PRAI,pran_c --> 2cpr5p_c,Phosphoribosylanthranilate isomerase,Unassigned,S_Glycine__Serine_and_threonine_metabolism,Amino Acid Metabolism,1,thr
SERH,3ig3p_c + ser__L_c --> g3p_c + h2o_c + trp__L_c,L-serine hydrolyase,Unassigned,S_Glycine__Serine_and_threonine_metabolism,Amino Acid Metabolism,1,serine
GALh,atp_c + glu__L_c + nh4_c --> adp_c + gln__L_c + h_c + pi_c,"Glutamate---ammonia ligase, ",Unassigned,S_Glutamate_Metabolism,Amino Acid Metabolism,1,glutamate
DHAD_3mob_h,23dhmb_c --> 3mob_c + h2o_c,"Dihydroxy-acid dehydratase, 3-Methyl-2-oxobutanoate, ",Unassigned,S_Butanoate_Metabolism,Alternative Carbon Metabolism,1,butanoate
PRICIh,prfp_c --> prlp_c,"1-(5-phosphoribosyl)-5-[(5-phosphoribosylamino)methylideneamino]imidazole-4-carboxamide isomerase, ",Unassigned,S_Methionine_Metabolism,Amino Acid Metabolism,1,met
PRACHh,h2o_c + prbamp_c --> prfp_c,"Phosphoribosyl-AMP cyclohydrolase, ",Unassigned,S_Purine_Metabolism,Nucleotide Metabolism,1,amp
DHQTi,3dhq_c --> 3dhsk_c + h2o_c,"3-dehydroquinate dehydratase, irreversible",Unassigned,Unclassified,Unclassified,0,
PRAISh,5aizc_c + asp__L_c + atp_c --> 25aics_c + adp_c + h_c + pi_c,"Phosphoribosylaminoimidazolesuccinocarboxamide synthase, ",Unassigned,S_TCA_Cycle,Central Carbon Metabolism,1,sucC
G5DHx,glu5p_c + h_c + nadph_c <=> glu5sa_c + nadp_c + pi_c,Glutamate-5-semialdehyde dehydrogenase,Unassigned,S_Glutamate_Metabolism,Amino Acid Metabolism,1,glutamate
PSCIT,pep_c + skm5p_c --> 3psme_c + pi_c,3-phosphoshikimate 1-carboxyvinyltransferase,Unassigned,S_Phenylalanine_Tyrosine_Tryptophan_Biosynthesis,Amino Acid Metabolism,1,shikimate
VALTLh,atp_c + trnaval_c + val__L_c --> amp_c + ppi_c + valtrna_c,"Valine---tRNA ligase, ",Unassigned,S_tRNA_Charging,Cellular Processes and Storage,1,trna\ ligase
TAL,thr__L_c --> 2obut_c + nh4_c,Threonine ammonia-lyase,Unassigned,S_Glycine__Serine_and_threonine_metabolism,Amino Acid Metabolism,2,threonine;thr
IDPh,h2o_c + ppi_c --> 2.0 pi_c,Inorganic diphosphatase,Unassigned,S_PHAs_Metabolism,Cellular Processes and Storage,1,pha
MCS,2p4c2me_c --> 2mecdp_c + cmp_c,"2-C-methyl-D-erythritol 2,4-cyclodiphosphate synthase",Unassigned,S_Glycine__Serine_and_threonine_metabolism,Amino Acid Metabolism,1,thr
FACOAL100p,atp_c + coa_c + dca_c --> amp_c + dcacoa_c + ppi_c,Fatty acid  CoA ligase  decanoate   peroxisomal,Unassigned,S_Cofactor_and_Prosthetic_Group_Biosynthesis__Pantothenate_and_CoA_Biosynthesis,Cofactor and Vitamin Biosynthesis,1,coa\ ligase
GCL,atp_c + cys__L_c + glu__L_c --> adp_c + glucys_c + h_c + pi_c,Glutamate---cysteine ligase,Unassigned,S_Cysteine_Metabolism,Amino Acid Metabolism,2,cysteine;cys
AKGDb,coa_c + sdhlam_c --> dhlam_c + succoa_c,Oxoglutarate dehydrogenase (dihydrolipoamide S-succinyltransferase),Unassigned,S_TCA_Cycle,Central Carbon Metabolism,3,sdh;oxoglutar;sucC
SAT,accoa_c + ser__L_c --> acser_c + coa_c,Serine O-acetyltransferase,Unassigned,S_Glycine__Serine_and_threonine_metabolism,Amino Acid Metabolism,1,serine
13PPDH2,h_c + lald__L_c + nadph_c <=> 13ppd_c + nadp_c,"1,3-propanediol dehydrogenase",Unassigned,S_Cofactor_and_Prosthetic_Group_Biosynthesis__Nicotinamide_Biosynthesis,Cofactor and Vitamin Biosynthesis,1,nadp
ALDD3y2,h2o_c + nadp_c + ppal_c --> 2.0 h_c + nadph_c + ppa_c,"Aldehyde dehydrogenase (propanal, NADP)",Unassigned,S_Cofactor_and_Prosthetic_Group_Biosynthesis__Nicotinamide_Biosynthesis,Cofactor and Vitamin Biosynthesis,1,nadp
CHLPi,cholp_c + h2o_c --> chol_c + pi_c,Choline_phosphate phosphatase,Unassigned,S_PHAs_Metabolism,Cellular Processes and Storage,1,pha
ETHPi,ethamp_c + h2o_c --> etha_c + pi_c,Ethanolamine_phosphate phosphatase,Unassigned,S_Alternate_Carbon,Alternative Carbon Metabolism,1,ethanol
2obut_Transport,2obut_e --> 2obut_c,,Unassigned,Unclassified,Unclassified,0,
f6p_Transport,f6p_e --> f6p_c,,Unassigned,Unclassified,Unclassified,0,
g1p_Transport,g1p_e --> g1p_c,,Unassigned,Unclassified,Unclassified,0,
g6p_Transport,g6p_e --> g6p_c,,Unassigned,Unclassified,Unclassified,0,
glx_Transport,glx_e --> glx_c,,Unassigned,Unclassified,Unclassified,0,
malt_Transport,malt_e --> malt_c,,Unassigned,Unclassified,Unclassified,0,
malttr_Transport,malttr_e --> malttr_c,,Unassigned,Unclassified,Unclassified,0,
thymd_Transport,thymd_e --> thymd_c,,Unassigned,Unclassified,Unclassified,0,
tre_Transport,tre_e --> tre_c,,Unassigned,Unclassified,Unclassified,0,
inost_Transport,inost_e --> inost_c,,Unassigned,Unclassified,Unclassified,0,
lcts_Transport,lcts_e --> lcts_c,,Unassigned,Unclassified,Unclassified,0,
CITCIb,citac_c + h2o_c <=> r3mmal_c,3-methylmalate hydratase,Unassigned,S_TCA_Cycle,Central Carbon Metabolism,1,malate
3MMD,nad_c + r3mmal_c --> 2m3osuc_c + h_c + nadh_c,3-methylmalate dehydrogenase,Unassigned,S_TCA_Cycle,Central Carbon Metabolism,1,malate
MOSDC,2m3osuc_c + h_c --> 2obut_c + co2_c,2-methyl-3-oxosuccinate decarboxylation,Unassigned,S_TCA_Cycle,Central Carbon Metabolism,1,sucC
citac_Transport,citac_e --> citac_c,,Unassigned,Unclassified,Unclassified,0,
CITCIa,citm_c <=> citac_c + h2o_c,Citramalate dehydratase,Unassigned,S_TCA_Cycle,Central Carbon Metabolism,1,malate
citm_Transport,citm_e --> citm_c,,Unassigned,Unclassified,Unclassified,0,
ASPR,asp__D_c --> asp__L_c,Aspartate racemase,Unassigned,S_Alanine_and_Aspartate_Metabolism,Amino Acid Metabolism,1,aspartate
asp__D_Transport,asp__D_e --> asp__D_c,,Unassigned,Unclassified,Unclassified,0,
SSAH,2.0 h_c + nadh_c + sucsal_c <=> h4but_c + nad_c,,Unassigned,Unclassified,Unclassified,0,
OCOAT3r,ghb_c + succoa_c <=> 4hbutcoa_c + succ_c,3-oxoacid CoA-transferase (Succinyl-CoA: 4-hydroxybutanoate),Unassigned,S_Butanoate_Metabolism,Alternative Carbon Metabolism,1,butanoate
GHBDHy,h_c + nadph_c + sucsal_c <=> ghb_c + nadp_c,Gamma-hydroxybutyrate dehydrogenase (NADPH),Unassigned,S_Butanoate_Metabolism,Alternative Carbon Metabolism,1,butyr
h4but_Transport,h4but_e --> h4but_c,,Unassigned,Unclassified,Unclassified,0,
2HBO,2hb_c + nad_c <=> 2obut_c + h_c + nadh_c,2 HydroxybutyrateNAD oxidoreductase,Unassigned,S_Butanoate_Metabolism,Alternative Carbon Metabolism,1,butyr
EPGALURSe,h2o_e + pectin_e --> galur_e,Endopolygalacturonase  extracellular ,Unassigned,S_Alternate_Carbon__Ascorbate_and_Aldarate_Metabolism,Alternative Carbon Metabolism,1,ula
MLTG6,dextrin_c + 2.0 h2o_c --> 2.0 glc__D_c,Maltodextrin glucosidase  dextrin ,Unassigned,Unclassified,Unclassified,0,
SORD_D,fad_c + sbt__D_c <=> fadh2_c + srb__L_c,D sorbitol dehydrogenase,Unassigned,S_Cofactor_and_Prosthetic_Group_Biosynthesis__Riboflavin_Metabolism,Cofactor and Vitamin Biosynthesis,1,fad
SBTD_D2,nad_c + sbt__D_c --> fru_c + h_c + nadh_c,D sorbitol dehydrogenase  D fructose producing ,Unassigned,S_Alternate_Carbon__Fructose_Metabolism,Alternative Carbon Metabolism,2,fructose;fru
TARTRDH2,nad_c + tartr__M_c <=> h_c + nadh_c + oxglyc_c,Tartrate dehydrogenase,Unassigned,Unclassified,Unclassified,0,
TARTRDH,nad_c + tartr__L_c <=> h_c + nadh_c + oxglyc_c,Tartrate dehydrogenase,Unassigned,Unclassified,Unclassified,0,
TARTDC,h_c + tartr__L_c --> co2_c + glyc__R_c,Tartrate decarboxylase,Unassigned,Unclassified,Unclassified,0,
tartr__M_Transport,tartr__M_e --> tartr__M_c,,Unassigned,Unclassified,Unclassified,0,
MACPT,acACP_c + malon_c --> ac_c + malACP_c,Malonyl-ACP transferase,Unassigned,S_Fatty_Acid__Biosynthesis,Fatty Acid and Lipid Metabolism,1,malonyl\-acp
malon_Transport,malon_e --> malon_c,,Unassigned,Unclassified,Unclassified,0,
TAG1PK,atp_c + tag1p__D_c --> adp_c + h_c + tagdp__D_c,D Tagatose 1 phosphate kinase,Unassigned,S_PHAs_Metabolism,Cellular Processes and Storage,1,pha
TGBPA,tagdp__D_c <=> dhap_c + g3p_c,Tagatose-bisphosphate aldolase,Unassigned,S_Glycolysis,Central Carbon Metabolism,1,aldolase
TCBO,q8_c + tcb_c --> acon_C_c + q8h2_c,Tricarballylate oxidase,Unassigned,Unclassified,Unclassified,0,
AMPEP4,alagly_c + h2o_c <=> ala__L_c + gly_c,Aminopeptidase ,Unassigned,S_Alternate_Carbon_and_Nitrogen_source__Dipeptide_Metabolism,Nitrogen Metabolism,1,peptidase
AMPEP10,gly_asp__L_c + h2o_c <=> asp__L_c + gly_c,Aminopeptidase ,Unassigned,S_Alternate_Carbon_and_Nitrogen_source__Dipeptide_Metabolism,Nitrogen Metabolism,1,peptidase
AMPEP8,gly_glu__L_c + h2o_c <=> glu__L_c + gly_c,Aminopeptidase ,Unassigned,S_Alternate_Carbon_and_Nitrogen_source__Dipeptide_Metabolism,Nitrogen Metabolism,1,peptidase
PPDOy,h_c + lald__D_c + nadph_c --> 12ppd__R_c + nadp_c,"Propane-1,2-diol:NADP+ 1-oxidoreductase",Unassigned,S_Cofactor_and_Prosthetic_Group_Biosynthesis__Nicotinamide_Biosynthesis,Cofactor and Vitamin Biosynthesis,1,nadp
AGDC,acgam6p_c + h2o_c --> ac_c + gam6p_c,N-acetylglucosamine-6-phosphate deacetylase,Unassigned,S_Alternate_Carbon_and_Nitrogen_source__Amines_and_Polyamines_Metabolism,Nitrogen Metabolism,1,amine
AMANAPEr,acmanap_c <=> acgam6p_c,N-acetylmannosamine 6-phosphate epimerase,Unassigned,S_Alternate_Carbon_and_Nitrogen_source__Amines_and_Polyamines_Metabolism,Nitrogen Metabolism,1,amine
ACNML,acnam_c --> acmana_c + pyr_c,N-Acetylneuraminate lyase,Unassigned,S_Cell_Envelope_Biosynthesis__Peptidoglycan_Biosynthesis,Cell Envelope and Wall Biosynthesis,1,nam
AMANK,acmana_c + atp_c --> acmanap_c + adp_c + h_c,N-acetyl-D-mannosamine kinase,Unassigned,S_Alternate_Carbon_and_Nitrogen_source__Amines_and_Polyamines_Metabolism,Nitrogen Metabolism,1,amine
ALLK,all__D_c + atp_c --> adp_c + all6p_c + h_c,Allose kinase,Unassigned,Unclassified,Unclassified,0,
ALLPI,all6p_c <=> allul6p_c,Allose 6-phosphate isomerase,Unassigned,S_Heavy_Metal_Tolerance,Metal and Inorganic Metabolism,1,mer
ALLULPE,allul6p_c <=> f6p_c,Allulose 6-phosphate epimerase,Unassigned,S_Heavy_Metal_Tolerance,Metal and Inorganic Metabolism,1,mer
ARAI,arab__L_c <=> rbl__L_c,L-arabinose isomerase,Unassigned,S_Heavy_Metal_Tolerance,Metal and Inorganic Metabolism,1,mer
RBK_L1,atp_c + rbl__L_c --> adp_c + h_c + ru5p__L_c,L-ribulokinase (L-ribulose),Unassigned,S_Alternate_Carbon__Ribose_Metabolism,Alternative Carbon Metabolism,1,ribulokinase
BUTCT,accoa_c + but_c --> ac_c + btcoa_c,Acetyl-CoA:butyrate-CoA transferase,Unassigned,S_Cofactor_and_Prosthetic_Group_Biosynthesis__Pantothenate_and_CoA_Biosynthesis,Cofactor and Vitamin Biosynthesis,1,coa\ transferase
HACD1,aacoa_c + h_c + nadh_c <=> 3hbcoa_c + nad_c,3-hydroxyacyl-CoA dehydrogenase (acetoacetyl-CoA),Unassigned,S_Fatty_Acid_Metabolism,Fatty Acid and Lipid Metabolism,1,acyl\-coa\ dehydrogenase
DHAPT,dha_c + pep_c --> dhap_c + pyr_c,Dihydroxyacetone phosphotransferase,Unassigned,Unclassified,Unclassified,0,
FCI,fuc__L_c <=> fcl__L_c,L-fucose isomerase,Unassigned,S_Heavy_Metal_Tolerance,Metal and Inorganic Metabolism,1,mer
FCLK,atp_c + fcl__L_c --> adp_c + fc1p_c + h_c,L-fuculokinase,Unassigned,Unclassified,Unclassified,0,
FCLPA,fc1p_c <=> dhap_c + lald__L_c,L-fuculose 1-phosphate aldolase,Unassigned,S_Glycolysis,Central Carbon Metabolism,1,aldolase
GALKr,atp_c + gal_c <=> adp_c + gal1p_c + h_c,Galactokinase,Unassigned,Unclassified,Unclassified,0,
UGLT,gal1p_c + udpg_c <=> g1p_c + udpgal_c,UDPglucose--hexose-1-phosphate uridylyltransferase,Unassigned,S_Glutamate_Metabolism,Amino Acid Metabolism,1,glt
GLTPD,galt1p_c + nad_c <=> h_c + nadh_c + tag6p__D_c,Galactitol-1-phosphate dehydrogenase,Unassigned,S_Glutamate_Metabolism,Amino Acid Metabolism,1,glt
PFK_2,atp_c + tag6p__D_c --> adp_c + h_c + tagdp__D_c,Phosphofructokinase,Unassigned,S_Glycolysis,Central Carbon Metabolism,2,pfk;phosphofructokinase
G6PDA,gam6p_c + h2o_c --> f6p_c + nh4_c,Glucosamine-6-phosphate deaminase,Unassigned,S_Alternate_Carbon_and_Nitrogen_source__Amines_and_Polyamines_Metabolism,Nitrogen Metabolism,1,amine
GLYC3Pt6pp,glyc3p_p + pi_c --> glyc3p_c + pi_p,Glycerol-3-phosphate : phosphate antiporter (periplasm),Unassigned,S_Transport__Inner_Membrane,Transport Systems,1,antiporter
G3PT,glyc3p_c + h2o_c --> glyc_c + pi_c,Glycerol-3-phosphatase,Unassigned,S_Alternate_Carbon,Alternative Carbon Metabolism,1,glycerol
LYXI,lyx__L_c --> xylu__L_c,Lyxose isomerase,Unassigned,S_Heavy_Metal_Tolerance,Metal and Inorganic Metabolism,1,mer
XYLK2,atp_c + xylu__L_c --> adp_c + h_c + xu5p__L_c,L-xylulokinase,Unassigned,Unclassified,Unclassified,0,
X5PL3E,xu5p__L_c --> ru5p__L_c,L-xylulose 5-phosphate 3-epimerase,Unassigned,S_Heavy_Metal_Tolerance,Metal and Inorganic Metabolism,1,mer
RBP4E,ru5p__L_c <=> xu5p__D_c,L-ribulose-phosphate 4-epimerase,Unassigned,S_Heavy_Metal_Tolerance,Metal and Inorganic Metabolism,1,mer
MALDDH,mal__D_c + nad_c --> co2_c + nadh_c + pyr_c,Malate decarboxylating oxidoreductase (decarboxylating),Unassigned,S_TCA_Cycle,Central Carbon Metabolism,1,malate
METGLCURtex,metglcur_e <=> metglcur_p,1-O-methyl-Beta-D-glucuronate via diffusion (extracellular),Unassigned,S_Alternate_Carbon__Ascorbate_and_Aldarate_Metabolism,Alternative Carbon Metabolism,1,ula
METGLCUR,h2o_c + metglcur_c --> glcur_c + meoh_c,1-O-Methyl-Beta-D-glucuronidase,Unassigned,S_Methionine_Metabolism,Amino Acid Metabolism,1,met
M1PD,mnl1p_c + nad_c <=> f6p_c + h_c + nadh_c,Mannitol-1-phosphate 5-dehydrogenase,Unassigned,S_PHAs_Metabolism,Cellular Processes and Storage,1,pha
SBTPD,nad_c + sbt6p_c <=> f6p_c + h_c + nadh_c,Sorbitol-6-phosphate dehydrogenase,Unassigned,S_PHAs_Metabolism,Cellular Processes and Storage,1,pha
TARTRt7pp,succ_c + tartr__L_p <=> succ_p + tartr__L_c,Tartrate/succinate antiporter (periplasm),Unassigned,S_Transport__Inner_Membrane,Transport Systems,1,antiporter
TARTD,tartr__L_c --> h2o_c + oaa_c,L(+)-tartrate dehydratase,Unassigned,Unclassified,Unclassified,0,
TYROXDApp,h2o_p + o2_p + tym_p --> 4hoxpacd_p + h2o2_p + nh4_p,Tyramine:oxygen oxidoreductase(deaminating)(flavin-containing) (periplasm),Unassigned,S_Cofactor_and_Prosthetic_Group_Biosynthesis__Riboflavin_Metabolism,Cofactor and Vitamin Biosynthesis,1,flavin
4HOXPACDOX_NADP,4hoxpacd_c + h2o_c + nadp_c --> 4hphac_c + 2.0 h_c + nadph_c,4HOXPACDOX LPAREN NADP RPAREN ,Unassigned,S_Cofactor_and_Prosthetic_Group_Biosynthesis__Nicotinamide_Biosynthesis,Cofactor and Vitamin Biosynthesis,1,nadp
AACOAR_syn,aacoa_c + h_c + nadph_c --> 3hbcoa__R_c + nadp_c,Acetoacetyl CoA reductase,Unassigned,S_Cofactor_and_Prosthetic_Group_Biosynthesis__Nicotinamide_Biosynthesis,Cofactor and Vitamin Biosynthesis,1,nadp
ACDO,dhmtp_c + o2_c --> 2kmb_c + for_c + h_c,Acireductone dioxygenase,Unassigned,Unclassified,Unclassified,0,
ACOXT,accoa_c + oxa_c --> ac_c + oxalcoa_c,Acetyl-CoA:oxalate CoA-transferase,Unassigned,S_Fatty_Acid__Biosynthesis,Fatty Acid and Lipid Metabolism,1,acc
AMAA,acmama_c + h2o_c --> acmam_c + ala__L_c,N-acetylmuramoyl-L-alanine amidase,Unassigned,S_Alanine_and_Aspartate_Metabolism,Amino Acid Metabolism,1,alanine
BLACT,h2o_c + pencil_c --> h_c + pencilca_c,Beta lactamase,Unassigned,Unclassified,Unclassified,0,
CBL,cyst__L_h + h2o_h --> hcys__L_h + nh4_h + pyr_h,Cystathionine beta-lyase,Unassigned,S_Cysteine_Metabolism,Amino Acid Metabolism,1,cys
CDPGLC46DH,cdpglc_c --> cdp4dh6doglc_c + h2o_c,CDP glucose 4 6 dehydratase,Unassigned,Unclassified,Unclassified,0,
CMHMI,5cmhm_c --> 5cohe_c,5 carboxymethyl 2 hydroxymuconate delta isomerase,Unassigned,S_Methionine_Metabolism,Amino Acid Metabolism,1,met
CODSCL5DA,codscl5a_c + h2o_c --> acald_c + codscl5b_c + h_c,Cobalt precorrin 5a deacetylation,Unassigned,S_Heavy_Metal_Tolerance,Metal and Inorganic Metabolism,1,cobalt
COKECBESr,coke_r + h2o_r --> bz_r + egme_r + h_r,Carboxylesterase (cocaine) (er),Unassigned,Unclassified,Unclassified,0,
DGUNC,2.0 gtp_c --> cdigmp_c + 2.0 ppi_c,Diguanylate cyclase,Unassigned,S_Purine_Metabolism,Nucleotide Metabolism,1,gmp
DHPDO,34dhpha_c + o2_c --> 5cmhmsa_c + h_c,3 4 dihydroxyphenylacetate 2 3 dioxygenase,Unassigned,S_Phenylalanine_Tyrosine_Tryptophan_Biosynthesis,Amino Acid Metabolism,1,phe
DHR,cbasp_m --> dhor__S_m + h2o_m + h_m,Dihydroorotase,Unassigned,Unclassified,Unclassified,0,
EAR181x,h_c + nadh_c + t3c11vaceACP_c --> nad_c + octeACP_c,Enoyl-[acyl-carrier-protein] reductase (NADH) (n-C18:1),Unassigned,S_Glycolysis,Central Carbon Metabolism,1,eno
EAR80x,h_c + nadh_c + toct2eACP_c --> nad_c + ocACP_c,Enoyl-[acyl-carrier-protein] reductase (NADH) (n-C8:0),Unassigned,S_Glycolysis,Central Carbon Metabolism,1,eno
ECGISOr,ecgon_r --> pecgon_r,Ecgonine isomerase (ER),Unassigned,S_Heavy_Metal_Tolerance,Metal and Inorganic Metabolism,1,mer
FLVRx,h_c + nadh_c + ribflv_c --> nad_c + rbflvrd_c,Flavin reductase (NAD),Unassigned,S_Cofactor_and_Prosthetic_Group_Biosynthesis__Riboflavin_Metabolism,Cofactor and Vitamin Biosynthesis,1,flavin
FNOR,2.0 fdxrd_c + h_c + nadp_c --> 2.0 fdxo_2_2_c + nadph_c,Ferredoxin---NADP+ reductase,Unassigned,S_Cofactor_and_Prosthetic_Group_Biosynthesis__FeS_clusters_metabolism,Cofactor and Vitamin Biosynthesis,1,ferredoxin
H4THDPS,aspsa_c + pyr_c --> 4hthdp_c + h2o_c + h_c,4-hydroxy-tetrahydrodipicolinate synthase,Unassigned,Unclassified,Unclassified,0,
HIUH,5hiu_m + h2o_m --> 5houdic_m,Hydroxyisourate hydrolase,Unassigned,Unclassified,Unclassified,0,
HPA3MO,4hphac_c + h_c + nadh_c + o2_c --> 34dhpha_c + h2o_c + nad_c,4 hydroxyphenylacetate 3 monooxygenase nadh,Unassigned,S_Phenylalanine_Tyrosine_Tryptophan_Biosynthesis,Amino Acid Metabolism,1,phe
HSD17B2r,andrstndn_r + h_r + nadh_r --> nad_r + tststerone_r,17-beta-hydroxysteroid dehydrogenase,Unassigned,Unclassified,Unclassified,0,
HSD3A1r,andrstandn_r + h_r + nadh_r --> andrstrn_r + nad_r,3 alpha-hydroxysteroid dehydrogenase (type 3),Unassigned,S_PHAs_Metabolism,Cellular Processes and Storage,1,pha
HSTPTr,glu__L_c + imacp_c --> akg_c + h_c + hisp_c,Histidinol phosphate transaminase,Unassigned,S_Methionine_Metabolism,Amino Acid Metabolism,1,sam
KAS6,17.0 h_c + ibcoa_c + 6.0 malcoa_c + 12.0 nadph_c --> 6.0 co2_c + 7.0 coa_c + fa6_c + 5.0 h2o_c + 12.0 nadp_c,B-ketoacyl synthetase (Iso-C16:0),Unassigned,S_Cofactor_and_Prosthetic_Group_Biosynthesis__Nicotinamide_Biosynthesis,Cofactor and Vitamin Biosynthesis,1,nadp
MS,h_m + hcys__L_m + mhpglu_m --> hpglu_m + met__L_m,5-methyltetrahydropteroyltriglutamate---homocysteine S-methyltransferase,Unassigned,S_Methionine_Metabolism,Amino Acid Metabolism,2,met;homocysteine
PACCOAL2,4hphac_c + atp_c + coa_c --> amp_c + hphaccoa_c + ppi_c,Phenylacetate-CoA ligase (hydroxyphenylacetate),Unassigned,S_Cofactor_and_Prosthetic_Group_Biosynthesis__Pantothenate_and_CoA_Biosynthesis,Cofactor and Vitamin Biosynthesis,1,coa\ ligase
PACL,atp_c + coa_c + pac_c --> amp_c + h_c + phaccoa_c + ppi_c,Phenylacetate---CoA ligase,Unassigned,S_Cofactor_and_Prosthetic_Group_Biosynthesis__Pantothenate_and_CoA_Biosynthesis,Cofactor and Vitamin Biosynthesis,1,coa\ ligase
PAN4PP,h2o_c + pan4p_c --> pi_c + ptth_c,Phosphatase (pan4p),Unassigned,S_PHAs_Metabolism,Cellular Processes and Storage,1,pha
PHACTE,h2o_c + phaccoa_c --> coa_c + pac_c,Phenylacetyl CoA thioesterase,Unassigned,S_Phenylalanine_Tyrosine_Tryptophan_Biosynthesis,Amino Acid Metabolism,1,phe
PHYT3,h2o_c + inoshp_c --> inospp1_c + pi_c,3 phytase,Unassigned,Unclassified,Unclassified,0,
PPBNGS_1,2.0 5aop_h + h_h --> 2.0 h2o_h + ppbng_h,Porphobilinogen synthase,Unassigned,Unclassified,Unclassified,0,
Q23DO,o2_c + quc_c --> 2pcpgc_c + co_c,Quercetin 2 3 dioxygenase,Unassigned,S_Cofactor_and_Prosthetic_Group_Biosynthesis__Queuosine_biosynthesis,Cofactor and Vitamin Biosynthesis,1,que
r1377,fald_c + gthrd_c --> HC02121_c,S-(hydroxymethyl)glutathione synthase Methane metabolism EC:4.4.1.22,Unassigned,S_Glycine__Serine_and_threonine_metabolism,Amino Acid Metabolism,1,thr
RDH2a,nadp_c + retinol_9_cis_c --> h_c + nadph_c + retinal_cis_9_c,"Retinol dehydrogenase (9-cis,NADPH)",Unassigned,S_Cofactor_and_Prosthetic_Group_Biosynthesis__Nicotinamide_Biosynthesis,Cofactor and Vitamin Biosynthesis,1,nadp
RE1711C_2,CE1918_c + nad_c --> 5hoxindact_c + h_c + nadh_c,RE1711,Unassigned,Unclassified,Unclassified,0,
RE2034C,C02356_c + akg_c --> 2obut_c + glu__L_c,Alanine Transaminase,Unassigned,S_Pyruvate_Metabolism,Central Carbon Metabolism,1,alanine\ transaminase
SBTRh,nadp_h + sbt__D_h --> Glc_aD_h + h_h + nadph_h,D-Glucitol:NADP+ 1-oxidoreductase,Unassigned,S_Cofactor_and_Prosthetic_Group_Biosynthesis__Nicotinamide_Biosynthesis,Cofactor and Vitamin Biosynthesis,1,nadp
SERD_D,ser__D_c --> nh4_c + pyr_c,D-serine deaminase,Unassigned,S_Alternate_Carbon_and_Nitrogen_source__D_Amino_acids_Metabolism,Nitrogen Metabolism,1,d\-serine
SGOR,fad_c + sphgn_c --> fadh2_c + sphings_c,Sphinganine oxidoreductase,Unassigned,S_Cofactor_and_Prosthetic_Group_Biosynthesis__Riboflavin_Metabolism,Cofactor and Vitamin Biosynthesis,1,fad
SPMS,ametam_c + ptrc_c --> 5mta_c + h_c + spmd_c,Spermidine synthase,Unassigned,S_Alternate_Carbon_and_Nitrogen_source__Amines_and_Polyamines_Metabolism,Nitrogen Metabolism,2,spermidine;spe
SULFT,cn_c + thios_c --> so3_c + thioc_c,Sulfurtransferase (thiosulfate),Unassigned,S_Sulfur_Metabolism,Metal and Inorganic Metabolism,3,sulfate;thiosulfate;sulfur
T2M26DCOAHLm,h2o_m + t2m26dcoa_m --> 3h26dm5coa_m,"Trans-2-Methyl-5-isopropylhexa-2,5-dienoyl-CoA hydro-lyase (m)",Unassigned,S_Glycolysis,Central Carbon Metabolism,1,eno
UACMAMO,h2o_c + 2.0 nad_c + uacmam_c --> 3.0 h_c + 2.0 nadh_c + uacmamu_c,UDP-N-acetyl-D-mannosamine oxidoreductase,Unassigned,S_Alternate_Carbon_and_Nitrogen_source__Amines_and_Polyamines_Metabolism,Nitrogen Metabolism,1,amine
BCDO,caro_c + o2_c --> 2.0 retinal_c,Beta-Carotene dioxygenase,Unassigned,Unclassified,Unclassified,0,
GLCNACAMS,mal__L_c + uacgam_c --> acgamm_c + h_c + udp_c,N-acetyl-alpha-D-glucosaminyl L-malate synthase,Unassigned,S_Glyoxylate_and_dicarboxylate_metabolism,Central Carbon Metabolism,1,malate\ synthase
ACTD,actn__R_c + nad_c --> diact_c + h_c + nadh_c,Acetoin dehydrogenase,Unassigned,S_Alternate_Carbon__Butanediol_Metabolism,Alternative Carbon Metabolism,1,acetoin
CRNCDH,crncoa_c --> ctbtcoa_c + h2o_c,Carnityl-CoA dehydratse,Unassigned,Unclassified,Unclassified,0,
CMLBL,4cnbt_c + h2o_c --> h_c + malac_c,CARBOXYMETHYLENEBUTENOLIDASE-RXN,Unassigned,S_Glycolysis,Central Carbon Metabolism,1,eno
FORA,frmd_c + h2o_c --> for_c + h_c + nh4_c,Formamidase,Unassigned,S_Formaldehyde_Metabolism,Cellular Processes and Storage,1,frm
DHPTPE,ahdt_c --> dhmptp_c,Dihydroneopterin triphosphate 2'-epimerase,Unassigned,S_Heavy_Metal_Tolerance,Metal and Inorganic Metabolism,1,mer
HAS2,ha_pre1_e + uacgam_c + udpglcur_c --> 2.0 h_c + ha_e + 2.0 udp_c,Hyaluronan synthase,Unassigned,Unclassified,Unclassified,0,
DKII,46dh25dohxn_c + h_c + nadh_c --> 2ddglcn_c + nad_c,2 dehydro 3 deoxy D gluconate 5 dehydrogenase,Unassigned,Unclassified,Unclassified,0,
LDH_L,lac__L_c + nad_c --> h_c + nadh_c + pyr_c,L-lactate dehydrogenase,Unassigned,S_Pyruvate_Metabolism,Central Carbon Metabolism,2,ldh;lactate\ dehydrogenase
MGSA,dhap_c --> mthgxl_c + pi_c,Methylglyoxal synthase,Unassigned,S_Methionine_Metabolism,Amino Acid Metabolism,1,met
3HPPPNH,3hpppn_c + h_c + nadh_c + o2_c --> dhpppn_c + h2o_c + nad_c,3-(3-hydroxy-phenyl)propionate hydroxylase,Unassigned,S_Alternate_Carbon__Propanoate_Metabolism,Alternative Carbon Metabolism,1,propionate
MSHS,accoa_c + cigam_c --> coa_c + msh_c,Mycothiol synthase,Unassigned,S_Fatty_Acid__Biosynthesis,Fatty Acid and Lipid Metabolism,1,acc
NMO,etha_c + fmnh2_c + o2_c --> acald_c + fmn_c + no2_c,Nitronate Monooxygenase,Unassigned,S_Cofactor_and_Prosthetic_Group_Biosynthesis__Riboflavin_Metabolism,Cofactor and Vitamin Biosynthesis,1,fmN
PSP,h2o_h + pser__L_h --> pi_h + ser__L_h,Phosphoserine phosphatase,Unassigned,S_Glycine__Serine_and_threonine_metabolism,Amino Acid Metabolism,1,serine
ASP1DC,asp__L_c + h_c --> ala_B_c + co2_c,Aspartate 1-decarboxylase,Unassigned,S_Alanine_and_Aspartate_Metabolism,Amino Acid Metabolism,1,aspartate
PPCOAC,atp_c + hco3_c + ppcoa_c --> adp_c + h_c + mmcoa__S_c + pi_c,Propionyl-CoA carboxylase,Unassigned,S_Alternate_Carbon__Propanoate_Metabolism,Alternative Carbon Metabolism,1,propionyl
RHMND,rhmn_c --> h2o_c + lkdr_c,L-rhamnonate dehydratase,Unassigned,Unclassified,Unclassified,0,
UDPGD,h2o_c + 2.0 nad_c + udpg_c --> 3.0 h_c + 2.0 nadh_c + udpglcur_c,UDPglucose 6-dehydrogenase,Unassigned,Unclassified,Unclassified,0,
3HPPD,3hpp_c + nad_c --> h_c + msa_c + nadh_c,3-hydroxypropionate dehydrogenase,Unassigned,S_Alternate_Carbon__Propanoate_Metabolism,Alternative Carbon Metabolism,1,propionate
ACONT,cit_c --> icit_c,Aconitate hydratase,Unassigned,S_TCA_Cycle,Central Carbon Metabolism,1,aconit
ACCOALm,atp_m + coa_m + ppa_m --> amp_m + ppcoa_m + ppi_m,Acetate-CoA ligase (AMP-forming),Unassigned,S_Cofactor_and_Prosthetic_Group_Biosynthesis__Pantothenate_and_CoA_Biosynthesis,Cofactor and Vitamin Biosynthesis,1,coa\ ligase
UGAH,h2o_m + h_m + udg_m --> nh4_m + urdglyc_m,Ureidoglycine aminohydrolase,Unassigned,S_Glycine__Serine_and_threonine_metabolism,Amino Acid Metabolism,1,glycine
ACMAA,h2o_c + pepm_w --> aglaa_e + anhgm_w,N-acetylmuramoyl-L-alanine amidase,Unassigned,S_Alanine_and_Aspartate_Metabolism,Amino Acid Metabolism,1,alanine
GLUN,gln__L_c + h2o_c --> glu__L_c + nh4_c,Glutaminase,Unassigned,Unclassified,Unclassified,0,
OCT,cbp_c + orn_c --> citr__L_c + pi_c,Ornithine carbamoyltransferase,Unassigned,S_Arginine_and_Proline_Metabolism,Amino Acid Metabolism,1,ornithine
SKDH,3dhsk_h + h_h + nadph_h --> nadp_h + skm_h,Shikimate dehydrogenase,Unassigned,S_Phenylalanine_Tyrosine_Tryptophan_Biosynthesis,Amino Acid Metabolism,1,shikimate
SKK,atp_h + skm_h --> adp_h + h_h + skm5p_h,Shikimate kinase,Unassigned,S_Phenylalanine_Tyrosine_Tryptophan_Biosynthesis,Amino Acid Metabolism,1,shikimate
DQDH,3dhq_h --> 3dhsk_h + h2o_h,3-deydroquinate dehydratase,Unassigned,Unclassified,Unclassified,0,
BZSCD,bzsuccoa_c + fad_c --> fadh2_c + phitcoa_c,Benzylsuccinyl-CoA dehydrogenase,Unassigned,S_TCA_Cycle,Central Carbon Metabolism,1,sucC
MPML,atp_c + h2o_c + mg2_c + ppp9_c --> adp_c + 3.0 h_c + mppp9_c + pi_c,Mg-protoporphyrin IX magnesium-lyase,Unassigned,S_Cofactor_and_Prosthetic_Group_Biosynthesis__Porphyrin_and_Chlorophyll_Metabolism,Cofactor and Vitamin Biosynthesis,1,porphyrin
CELASE1,cell4_c + h2o_c --> 2.0 cellb_c,Celluase,Unassigned,Unclassified,Unclassified,0,
CHOLD2,chol_c + fad_c --> betald_c + fadh2_c,Choline dehydrogenase  FAD dependent ,Unassigned,S_Pentose_Phosphate_Pathway,Central Carbon Metabolism,1,tal
DMBZIDS2,fmnh2_c + h_c + nadh_c + o2_c --> dialurate_c + dmbzid_c + e4p_c + h2o_c + nad_c,"5,6-dimethylbenzimidazole synthase",Unassigned,S_Methionine_Metabolism,Amino Acid Metabolism,1,met
CYRDAS,2.0 atp_c + cobya_c + 2.0 gln__L_c + h2o_c --> 2.0 adp_c + co2dam_c + 2.0 glu__L_c + h_c + ppi_c,"Cob(II)yrinate a,c-diamide synthase (glutamine-hydrolysing)",Unassigned,S_Glutamate_Metabolism,Amino Acid Metabolism,1,glutamine
CPC5MT,amet_c + copre5_c + h2o_c --> acald_c + ahcys_c + copre6_c + h_c,Precorrin-5 C1-methyltransferase,Unassigned,S_Methionine_Metabolism,Amino Acid Metabolism,1,met
PCT,ctp_c + h_c + ptdoh_MRSA_c --> cdpdag_MRSA_c + pi_c,Phosphatidate cytidylyltransferase,Unassigned,S_PHAs_Metabolism,Cellular Processes and Storage,1,pha
CXSAMS,amet_c + pphn_c --> cxsam_c + h2o_c + phpyr_c,Carboxy-S-adenosyl-L-methionine synthase,Unassigned,S_Methionine_Metabolism,Amino Acid Metabolism,3,methionine;met;sam
THRPDC,h_c + thrp_c --> applp_c + co2_c,L threonine phosphate decarboxylase,Unassigned,S_Glycine__Serine_and_threonine_metabolism,Amino Acid Metabolism,2,threonine;thr
G1PUT_h,g1p_h + h_h + utp_h --> ppi_h + udpg_h,UTP:alpha-D-glucose-1-phosphate uridylyltransferase,Unassigned,S_PHAs_Metabolism,Cellular Processes and Storage,1,pha
CYNL,cynt_c + h_c + hco3_c --> cbm_c + co2_c,Cyanate lyase,Unassigned,Unclassified,Unclassified,0,
CYTBD,2.0 h_c + 0.5 o2_c + q8h2_c --> h2o_c + 2.0 h_e + q8_c,Cytochrome oxidase bd (ubiquinol-8: 2 protons),Unassigned,S_Oxidative_Phosphorylation,Central Carbon Metabolism,1,cytochrome
H4THDPR,4hthdp_c + h_c + nadph_c --> h2o_c + nadp_c + thdp_c,4-hydroxy-tetrahydrodipicolinate reductase,Unassigned,S_Cofactor_and_Prosthetic_Group_Biosynthesis__Nicotinamide_Biosynthesis,Cofactor and Vitamin Biosynthesis,1,nadp
APATi,accoa_c + h2o_c + thdp_c --> acamoxm_c + coa_c,Tetrahydrodipicolinate acetyltransferase,Unassigned,S_Fatty_Acid__Biosynthesis,Fatty Acid and Lipid Metabolism,1,acc
13PPDH,3hppnl_c + h_c + nadh_c --> 13ppd_c + nad_c,"1,3-propanediol dehydrogenase",Unassigned,S_Glycolysis,Central Carbon Metabolism,1,pdh
DHPD,56dura_c + h2o_c --> cala_c,Dihydropyrimidinase,Unassigned,S_Cofactor_and_Prosthetic_Group_Biosynthesis__Terpenoid_backbone_biosynthesis,Cofactor and Vitamin Biosynthesis,1,idi
SALCOD,2.0 h_c + nadh_c + o2_c + salc_c --> catechol_c + co2_c + h2o_c + nad_c,Salicylate NADH oxygen oxidoreductase 1-hydroxylating  ,Unassigned,S_Aromatic_Compounds_Degradation__B_Ketoadipate_pathway,Aromatic Compound Degradation,1,catechol
DXRI,dxyl5p_h + h_h + nadph_h --> 2me4p_h + nadp_h,1-deoxy-D-xylulose-5-phosphate reductoisomerase,Unassigned,S_Cofactor_and_Prosthetic_Group_Biosynthesis__Nicotinamide_Biosynthesis,Cofactor and Vitamin Biosynthesis,1,nadp
DXS,g3p_h + h_h + pyr_h --> co2_h + dxyl5p_h,1-deoxy-D-xylulose-5-phosphate synthase,Unassigned,S_Cofactor_and_Prosthetic_Group_Biosynthesis__Terpenoid_backbone_biosynthesis,Cofactor and Vitamin Biosynthesis,1,dxs
TDPGALPT,akg_c + dtdp3a36ddgalp_c --> dtdp3d6dgalp_c + glu__L_c,"DTDP-3-amino-3,6-dideoxy-alpha-D-galactopyranose transaminase",Unassigned,S_Methionine_Metabolism,Amino Acid Metabolism,1,sam
TDPGALPACT,accoa_c + dtdp3a36ddgalp_c --> coa_c + dtdpquip3nac_c + h_c,"DTDP-3-amino-3,6-dideoxy-alpha-D-galactopyranose 3-N-acetyltransferase",Unassigned,S_Fatty_Acid__Biosynthesis,Fatty Acid and Lipid Metabolism,1,acc
DHNPA,dhnpt_c --> 2ahhmp_c + gcald_c + h_c,Dihydroneopterin aldolase,Unassigned,S_Glycolysis,Central Carbon Metabolism,1,aldolase
r1378,HC02121_c + nad_c --> Sfglutth_c + h_c + nadh_c,S-(hydroxymethyl)glutathione dehydrogenase Methane metabolism EC:1.1.1.284,Unassigned,S_Methionine_Metabolism,Amino Acid Metabolism,1,met
GAPD_1,g3p_c + nad_c + pi_c --> 13dpg_c + nadh_c,Glyceraldehyde-3-phosphate dehydrogenase,Unassigned,S_Glycolysis,Central Carbon Metabolism,2,gapd;glyceraldehyde\-3\-phosphate\ dehydrogenase
GLYCK2,atp_c + glyc__R_c --> 2pg_c + adp_c + h_c,Glycerate kinase,Unassigned,Unclassified,Unclassified,0,
HOXPRx,glyc__R_c + nad_c --> 2h3opp_c + h_c + nadh_c,2 hydroxy 3 oxopropionate reductase  NAD ,Unassigned,S_Alternate_Carbon__Propanoate_Metabolism,Alternative Carbon Metabolism,1,propionate
GLCDe,glc__D_e + h2o_e + q8_c --> glcn_e + h_e + q8h2_c,Glucose dehydrogenase (ubiquinone-8 as acceptor),Unassigned,S_Cofactor_and_Prosthetic_Group_Biosynthesis__Ubiquinone_biosynthesis,Cofactor and Vitamin Biosynthesis,2,ubiquinone;ubi
GLYDHD,gly_m + lpro_m --> alpro_m + co2_m,Glycine dehydrogenase (decarboxylating),Unassigned,S_Glycine__Serine_and_threonine_metabolism,Amino Acid Metabolism,1,glycine
GDH1,glu__L_c + h2o_c + nad_c --> akg_c + 2.0 h_c + nadh_c + nh3_c,Glutamate dehydrogenase (NAD),Unassigned,S_Glutamate_Metabolism,Amino Acid Metabolism,3,glutamate;gdh;glutamate\ dehydrogenase
GDH2,glc__bD_c + nadp_c --> 15gl_c + h_c + nadph_c,Glucose 1-dehydrogenase (NADPH),Unassigned,S_Cofactor_and_Prosthetic_Group_Biosynthesis__Nicotinamide_Biosynthesis,Cofactor and Vitamin Biosynthesis,1,nadp
GLYCTO2,glyclt_c + q8_c --> glx_c + q8h2_c,Glycolate oxidase,Unassigned,S_Alternate_Carbon,Alternative Carbon Metabolism,1,glycolate
GLYCTO3,glyclt_c + mqn8_c --> glx_c + mql8_c,Glycolate oxidase,Unassigned,S_Alternate_Carbon,Alternative Carbon Metabolism,1,glycolate
GLYCTO4,2dmmq8_c + glyclt_c --> 2dmmql8_c + glx_c,Glycolate oxidase,Unassigned,S_Alternate_Carbon,Alternative Carbon Metabolism,1,glycolate
GLUK,atp_c + glc__D_c --> adp_c + g6p_B_c + h_c,Glucokinase,Unassigned,Unclassified,Unclassified,0,
G3PD1,dhap_h + h_h + nadh_h --> glyc3p_h + nad_h,Glycerol-3-phosphate dehydrogenase (NAD),Unassigned,S_Alternate_Carbon,Alternative Carbon Metabolism,1,glycerol
GLUS_nadph,akg_h + gln__L_h + h_h + nadph_h --> 2.0 glu__L_h + nadp_h,Glutamate synthase (NADPH),Unassigned,S_Glutamate_Metabolism,Amino Acid Metabolism,1,glutamate
GDR,gthox_c + h_c + nadh_c --> 2.0 gthrd_c + nad_c,Glutathione-disulfide reductase,Unassigned,S_Glycine__Serine_and_threonine_metabolism,Amino Acid Metabolism,1,thr
GTHS_1,atp_h + glucys_h + gly_h --> adp_h + gthrd_h + 2.0 h_h + pi_h,Glutathione synthase,Unassigned,S_Glycine__Serine_and_threonine_metabolism,Amino Acid Metabolism,1,thr
GMPS,atp_c + nh4_c + xmp_c --> amp_c + gmp_c + 2.0 h_c + ppi_c,GMP synthase,Unassigned,S_Purine_Metabolism,Nucleotide Metabolism,2,amp;gmp
IDTDH,h_c + nadh_c + srb__L_c --> idt_c + nad_c,L-IDITOL-2-DEHYDROGENASE-RXN,Unassigned,S_Cofactor_and_Prosthetic_Group_Biosynthesis__Terpenoid_backbone_biosynthesis,Cofactor and Vitamin Biosynthesis,1,idi
GLYOX3,h2o_c + mthgxl_c --> h_c + lac__D_c,Glyoxalase III,Unassigned,Unclassified,Unclassified,0,
4HBZR,4hbzcoa_c + fdxr_42_c + 6.0 h_c --> benzcoa_c + fdxo_42_c + h2o_c,4-hydroxybenzoylCoA reducatse,Unassigned,Unclassified,Unclassified,0,
FECPP3O,2.0 amet_c + fecpp3_c --> 2.0 co2_c + 2.0 dad_5_c + 4.0 h_c + 2.0 met__L_c + pheme_c,Fe-coproporphyrin III oxidase/dehydrogenase,Unassigned,S_Cofactor_and_Prosthetic_Group_Biosynthesis__Porphyrin_and_Chlorophyll_Metabolism,Cofactor and Vitamin Biosynthesis,3,porphyrin;heme;hem
NAD_H2,h_c + nadh_c --> h2_c + nad_c,NAD-linked hydrogenase,Unassigned,Unclassified,Unclassified,0,
HSDH,aspsa_h + h_h + nadph_h --> hom__L_h + nadp_h,Homoserine dehydrogenase,Unassigned,S_Glycine__Serine_and_threonine_metabolism,Amino Acid Metabolism,1,serine
INS2D,inost_c + nad_c --> 2ins_c + h_c + nadh_c,Inositol 2-dehydrogenase,Unassigned,Unclassified,Unclassified,0,
MOAT,ckdo_c + lipidA_c --> cmp_c + h_c + kdolipid4_c,3-deoxy-D-manno-octulosonic acid transferase,Unassigned,S_Pyrimidine_Metabolism,Nucleotide Metabolism,1,cmp
IPMD_1,3c2hmp_c + nad_c --> 2ip3os_c + h_c + nadh_c,3-isopropylmalate dehydrogenase,Unassigned,S_TCA_Cycle,Central Carbon Metabolism,1,malate
TDSK,atp_c + lipidAds_c --> adp_c + h_c + lipidA_c,Tetraacyldisaccharide 4'kinase,Unassigned,S_Fatty_Acid__Biosynthesis,Fatty Acid and Lipid Metabolism,1,acc
LAURTRANS,ddcaACP_c + kdo2lipid4_c --> ACP_c + laur_kdo2lipid4_c,Lauroyl acyltransferase to tetra-acyl KDO2 lipid A,Unassigned,S_Cell_Envelope_Biosynthesis__Lipid_A_Biosynthesis,Cell Envelope and Wall Biosynthesis,1,lipid\ a
r1391,dxtrn_c --> HC02136_c,"Amylo-1,6-glucosidase, 4-alpha-glucanotransferase EC:2.4.1.25",Unassigned,S_PHAs_Metabolism,Cellular Processes and Storage,1,pha
ALCD1,meoh_c + nad_c --> fald_c + h_c + nadh_c,Alcohol dehydrogenase (methanol),Unassigned,S_Alternate_Carbon,Alternative Carbon Metabolism,1,ethanol
SHCHCS3,2sephchc_c --> 2shchc_c + pyr_c,"2-succinyl-6-hydroxy-2,4-cyclohexadiene 1-carboxylate synthase",Unassigned,S_TCA_Cycle,Central Carbon Metabolism,1,sucC
HKNDDH,h2o_c + hkndd_c --> h_c + op4en_c + succ_c,"2-hydroxy-6-ketonona-2,4-dienedioic acid hydrolase",Unassigned,S_TCA_Cycle,Central Carbon Metabolism,1,sucC
HIBD,3hmp_c + nad_c --> 2mop_c + h_c + nadh_c,3 hydroxyisobutyrate dehydrogenase,Unassigned,S_Butanoate_Metabolism,Alternative Carbon Metabolism,1,butyr
GTPC,amet_c + gtp_c --> 38ch2gtp_c + dad_5_c + met__L_c,"GTP 3',8'-cyclase",Unassigned,S_Methionine_Metabolism,Amino Acid Metabolism,1,met
FMNRy_1,fmn_c + 2.0 h_c + nadph_c --> fmnh2_c + nadp_c,FMN reductase NADPH dependent,Unassigned,S_Cofactor_and_Prosthetic_Group_Biosynthesis__Nicotinamide_Biosynthesis,Cofactor and Vitamin Biosynthesis,1,nadp
AHCYSNS,ahcys_c + h2o_c --> ade_c + rhcys_c,S-adenosylhomocysteine nucleosidase,Unassigned,S_Cysteine_Metabolism,Amino Acid Metabolism,2,cysteine;cys
UAATAAL,alaala_c + atp_c + uamagl_c --> adp_c + h_c + pi_c + uamaglaa_c,UDP-N-acetylmuramoyl-tripeptide--D-alanyl-D-alanine ligase,Unassigned,S_Alternate_Carbon_and_Nitrogen_source__D_Amino_acids_Metabolism,Nitrogen Metabolism,1,d\-alanine
DGTP8DETOX,8oxdgtp_c + h2o_c --> 8oxdgmp_c + h_c + ppi_c,8-oxo-dGTP diphosphohydrolase,Unassigned,S_Purine_Metabolism,Nucleotide Metabolism,1,gmp
PBAL,ala_B_c + atp_c + pant__R_c --> amp_c + 2.0 h_c + pnto__R_c + ppi_c,Pantoate---beta-alanine ligase,Unassigned,S_Alanine_and_Aspartate_Metabolism,Amino Acid Metabolism,1,alanine
HTHRPDH,nad_c + phthr_c --> 2a3pp_c + h_c + nadh_c,4-hydroxythreonine-4-phosphate dehydrogenase,Unassigned,S_Glycine__Serine_and_threonine_metabolism,Amino Acid Metabolism,2,threonine;thr
PDX5PSc,3a2oprop_c + dxyl5p_c --> 2.0 h2o_c + h_c + pdx5p_c + pi_c,Pyrodoxine-5-phosphate synthase c,Unassigned,S_Cofactor_and_Prosthetic_Group_Biosynthesis__Vitamin_B6_Metabolism,Cofactor and Vitamin Biosynthesis,1,pdx
PHEH_c,o2_c + phe__L_c + thbpt_c --> hthbp_c + tyr__L_c,Phenylalanine hydroxylase,Unassigned,S_Phenylalanine_Tyrosine_Tryptophan_Biosynthesis,Amino Acid Metabolism,3,phenylalanine;phe;tyr
PRO1x,nad_c + pro__L_c --> 1pyr5c_c + 2.0 h_c + nadh_c,Proline oxidase  L proline  NAD ,Unassigned,S_Arginine_and_Proline_Metabolism,Amino Acid Metabolism,1,proline
RIBFS,2.0 dmlz_h + h_h --> 4r5au_h + ribflv_h,Riboflavin synthase,Unassigned,S_Cofactor_and_Prosthetic_Group_Biosynthesis__Riboflavin_Metabolism,Cofactor and Vitamin Biosynthesis,2,riboflavin;flavin
SER_AL,ser__L_c --> h_c + nh3_c + pyr_c,L-serine ammonia-lyase,Unassigned,S_Nitrogen_Metabolism,Nitrogen Metabolism,1,ammonia
SLDK,atp_m + h2o_m + seln_m --> amp_m + 2.0 h_m + pi_m + selnp_m,"Selenide, water dikinase",Unassigned,S_Purine_Metabolism,Nucleotide Metabolism,1,amp
SULR_ferr,6.0 fdxrd_h + so3_h --> 6.0 fdxox_h + 3.0 h2o_h + h2s_h + 6.0 h_h,Sulfite reductase (ferredoxin),Unassigned,S_Cofactor_and_Prosthetic_Group_Biosynthesis__FeS_clusters_metabolism,Cofactor and Vitamin Biosynthesis,1,ferredoxin
THD2,2.0 h_e + nadh_c + nadp_c --> 2.0 h_c + nad_c + nadph_c,NAD(P) transhydrogenase,Unassigned,S_Cofactor_and_Prosthetic_Group_Biosynthesis__Nicotinamide_Biosynthesis,Cofactor and Vitamin Biosynthesis,1,nadp
UPP3MT_1,2.0 amet_h + uppg3_h --> 2.0 ahcys_h + dscl_h + 2.0 h_h,Uroporphyrinogen methyltransferase,Unassigned,S_Cofactor_and_Prosthetic_Group_Biosynthesis__Porphyrin_and_Chlorophyll_Metabolism,Cofactor and Vitamin Biosynthesis,1,porphyrin
TMDS3,dump_c + h_c + mlthf_c + nadph_c --> dtmp_c + nadp_c + thf_c,Thymidylate synthase (FAD dependent),Unassigned,S_Pyrimidine_Metabolism,Nucleotide Metabolism,3,ump;tmp;dtmp
TRPS2_1,ind_c + ser__L_c --> h2o_c + trp__L_c,Tryptophan synthase,Unassigned,S_Phenylalanine_Tyrosine_Tryptophan_Biosynthesis,Amino Acid Metabolism,2,tryptophan;trp
URIC,2.0 h2o_c + o2_c + urate_c --> alltn_c + co2_c + h2o2_c,Uricase,Unassigned,Unclassified,Unclassified,0,
UAG4E,uacgam_c --> uacgala_c,UDP N acetylglucosamine 4 epimerase,Unassigned,S_Alternate_Carbon_and_Nitrogen_source__Amines_and_Polyamines_Metabolism,Nitrogen Metabolism,1,amine
UDPGPT,udcpp_c + udpg_c --> udcpgl_c + ump_c,Undecaprenyl-phosphate glucose phosphotransferase,Unassigned,S_Pyrimidine_Metabolism,Nucleotide Metabolism,1,ump
GLCE,glc__D_c --> glc_D_B_c,Alpha-D-Glucose 1-epimerase ,Unassigned,S_Heavy_Metal_Tolerance,Metal and Inorganic Metabolism,1,mer
PHENOL2MONOO,h_c + nadph_c + o2_c + phenol_c --> catechol_c + h2o_c + nadp_c,phenol 2 monooxygenase),Unassigned,S_Aromatic_Compounds_Degradation__B_Ketoadipate_pathway,Aromatic Compound Degradation,1,catechol
PCRESOLMeH1,2.0 cu2azurin_p + h2o_p + pcresol_p --> 4hba_p + 2.0 cu1azurin_p + 2.0 h_p,p-cresol methylhydroxylase,Unassigned,S_Methionine_Metabolism,Amino Acid Metabolism,1,met
PCRESOLMeH2,4hba_p + 2.0 cu2azurin_p + h2o_p --> 4hbald_p + 2.0 cu1azurin_p + 2.0 h_p,p-cresol methylhydroxylase,Unassigned,S_Methionine_Metabolism,Amino Acid Metabolism,1,met
AZURINRe,4.0 cu1azurin_p + 4.0 h_p + o2_p --> 4.0 cu2azurin_p + 2.0 h2o_p,Azurin recycle to oxidized state,Unassigned,S_Cofactor_and_Prosthetic_Group_Biosynthesis__Terpenoid_backbone_biosynthesis,Cofactor and Vitamin Biosynthesis,1,idi
3HOXPACt2pp,3hoxpac_p + pep_c <=> 3hoxpac_c + pi_c + pyr_c,3-Hydroxyphenylacetic acid permease to cytoplasm,Unassigned,S_Transport__Inner_Membrane,Transport Systems,1,permease
3HPA6OX,3hoxpac_c + h_c + nadph_c + o2_c --> h2o_c + hgentis_c + nadp_c,3-Hydroxyphenylacetate 6-monooxygenase),Unassigned,S_Cofactor_and_Prosthetic_Group_Biosynthesis__Nicotinamide_Biosynthesis,Cofactor and Vitamin Biosynthesis,1,nadp
4HALDD,4hoxpacd_c + h2o_c + nad_c --> 4hphac_c + 2.0 h_c + nadh_c,Aldehyde dehydrogenase  4 hydroxyphenylacetaldehyde  NAD ,Unassigned,S_Pentose_Phosphate_Pathway,Central Carbon Metabolism,1,tal
CMCMSAD,5cmhmsa_c + h2o_c + nad_c --> 5cmhm_c + 2.0 h_c + nadh_c,4 carboxy 2 hydroxymuconate 6 semialdehyde dehydrogenase,Unassigned,Unclassified,Unclassified,0,
OPTCCL,5cohe_c + h_c --> 2hh24dd_c + co2_c,5 carboxy 2 oxohept 3 enedioate decarboxylation,Unassigned,Unclassified,Unclassified,0,
2HH24DDH,2hh24dd_c + h2o_c --> 4h2kpi_c,2hh24dd hydratase,Unassigned,Unclassified,Unclassified,0,
4H2KPILY,4h2kpi_c --> pyr_c + sucsal_c,4h2kpi Lyase,Unassigned,Unclassified,Unclassified,0,
ARABD,Lara14lac_c + h_c + nadh_c --> arab__L_c + nad_c,L-ARABINOSE-1-DEHYDROGENASE-RXN,Unassigned,Unclassified,Unclassified,0,
LARABLN,Lara14lac_c + h2o_c --> Larabnt_c,"L-arabino-1,4-lactonase",Unassigned,Unclassified,Unclassified,0,
LARABTD,Larabnt_c --> 2d3darabnt_c + h2o_c,L-arabinate dehydratase,Unassigned,Unclassified,Unclassified,0,
2DLARAA,2d3darabnt_c --> gcald_c + pyr_c,2-dehydro-3-deoxy L-arabinate aldolase,Unassigned,S_Glycolysis,Central Carbon Metabolism,1,aldolase
DRBK,atp_c + drib_c --> 2dr5p_c + adp_c + h_c,Deoxyribokinase,Unassigned,S_Alternate_Carbon__Ribose_Metabolism,Alternative Carbon Metabolism,1,ribokinase
DRPA,2dr5p_c --> acald_c + g3p_c,Deoxyribose-phosphate aldolase,Unassigned,S_Glycolysis,Central Carbon Metabolism,1,aldolase
AMPEP11,gly_pro__L_c + h2o_c --> gly_c + h_c + pro__L_c,Aminopeptidase ,Unassigned,S_Alternate_Carbon_and_Nitrogen_source__Dipeptide_Metabolism,Nitrogen Metabolism,1,peptidase
XYLK,atp_c + xylu__D_c --> adp_c + h_c + xu5p__D_c,Xylulokinase,Unassigned,Unclassified,Unclassified,0,
XYLI1,xyl__D_c --> xylu__D_c,Xylose isomerase,Unassigned,S_Alternate_Carbon,Alternative Carbon Metabolism,1,xylose
TOLOMONOOX1,h_c + nadh_c + o2_c + ocresol_c --> 3mcat_c + h2o_c + nad_c,Toluene ortho monooxygenase hydroxylase,Unassigned,S_Aromatic_Compounds_Degradation__Toluene_Pathway,Aromatic Compound Degradation,1,toluene
TOLOMONOOX2,h_c + mcresol_c + nadh_c + o2_c --> 3mcat_c + h2o_c + nad_c,Toluene ortho monooxygenase hydroxylase,Unassigned,S_Aromatic_Compounds_Degradation__Toluene_Pathway,Aromatic Compound Degradation,1,toluene
TOLOMONOOX3,h_c + mcresol_c + nadh_c + o2_c --> 3mcat_c + h2o_c + nad_c,Toluene ortho monooxygenase hydroxylase,Unassigned,S_Aromatic_Compounds_Degradation__Toluene_Pathway,Aromatic Compound Degradation,1,toluene
TOLOMONOOX4,h_c + nadh_c + o2_c + pcresol_c --> 3mcat_c + h2o_c + nad_c,Toluene ortho monooxygenase hydroxylase,Unassigned,S_Aromatic_Compounds_Degradation__Toluene_Pathway,Aromatic Compound Degradation,1,toluene
